[
	{
		"nombres":"Manuel",
		"apellidos":"Mora",
		"cedula":"1105109499",
		"telefono":"2571815",
		"materia":"Programación"
	},
	{
		"nombres":"Fernanda",
		"apellidos":"Jaramillo",
		"cedula":"1105109497",
		"telefono":"2571816",
		"materia":"Arquitectura"
	},
	{
		"nombres":"Katherine",
		"apellidos":"Mora",
		"cedula":"1105109496",
		"telefono":"2571813",
		"materia":"Comunicación"
	},
	{
		"nombres":"Carlos",
		"apellidos":"Estrada",
		"cedula":"1105109495",
		"telefono":"2571810",
		"materia":"Arquitectura"
	}
]