[{"city":{"id":1283240,"name":"Kathmandu","findname":"KATHMANDU","country":"NP","coord":{"lon":85.316666,"lat":27.716667},"zoom":7},"time":1394871602,"main":{"temp":297.15,"pressure":1020,"humidity":33,"temp_min":297.15,"temp_max":297.15},"wind":{"speed":3.1,"deg":240},"clouds":{"all":40},"weather":[{"id":802,"main":"Clouds","description":"scattered clouds","icon":"03d"}]},
{"city":{"id":3632308,"name":"Merida","findname":"MERIDA","country":"VE","coord":{"lon":-71.144997,"lat":8.598333},"zoom":8},"time":1394871602,"main":{"temp":288.64,"temp_min":288.64,"temp_max":288.64,"pressure":835.59,"sea_level":1023.46,"grnd_level":835.59,"humidity":99},"wind":{"speed":0.5,"deg":183.004},"clouds":{"all":0},"weather":[{"id":800,"main":"Clear","description":"Sky is Clear","icon":"01n"}],"rain":{"3h":0}},
{"city":{"id":1280737,"name":"Lhasa","findname":"LHASA","country":"CN","coord":{"lon":91.099998,"lat":29.65},"zoom":6},"time":1394871602,"main":{"temp":280.79,"temp_min":280.79,"temp_max":280.79,"pressure":613.65,"sea_level":1018.68,"grnd_level":613.65,"humidity":12},"wind":{"speed":0.75,"deg":156.504},"clouds":{"all":0},"weather":[{"id":800,"main":"Clear","description":"Sky is Clear","icon":"01d"}]},
{"city":{"id":745042,"name":"İstanbul","findname":"İSTANBUL","country":"TR","coord":{"lon":28.983311,"lat":41.03508},"zoom":1,"langs":[{"bg":"Истанбул"},{"el":"Ισταμπούλ"},{"en":"Istanbul"},{"es":"Provincia de Estambul"},{"ja":"イスタンブール"},{"link":"http:\/\/en.wikipedia.org\/wiki\/Istanbul_Province"},{"no":"Istanbul"},{"ru":"Стамбул"},{"tr":"İstanbul"},{"zh":"伊斯坦布尔"}]},"time":1394871602,"main":{"temp":283.42,"pressure":1021,"temp_min":283.15,"temp_max":284.15,"humidity":87},"wind":{"speed":2.57,"gust":2.57,"deg":220},"clouds":{"all":0},"weather":[{"id":800,"main":"Clear","description":"Sky is Clear","icon":"01d"}]},
{"city":{"id":3496831,"name":"Mao","findname":"MAO","country":"DO","coord":{"lon":-71.078133,"lat":19.551861},"zoom":10},"time":1394871602,"main":{"temp":295.14,"temp_min":295.14,"temp_max":295.14,"pressure":1020.65,"sea_level":1028.41,"grnd_level":1020.65,"humidity":100},"wind":{"speed":3.1,"deg":71.504},"clouds":{"all":88},"weather":[{"id":500,"main":"Rain","description":"light rain","icon":"10n"}],"rain":{"3h":0.5}},
{"city":{"id":523523,"name":"Nalchik","findname":"NALCHIK","country":"RU","coord":{"lon":43.618889,"lat":43.498058},"zoom":8},"time":1394871602,"main":{"temp":286.15,"pressure":1018,"humidity":30,"temp_min":286.15,"temp_max":286.15},"wind":{"speed":2,"deg":70},"clouds":{"all":90},"weather":[{"id":804,"main":"Clouds","description":"overcast clouds","icon":"04d"}]},
{"city":{"id":2267057,"name":"Lisbon","findname":"LISBON","country":"PT","coord":{"lon":-9.13333,"lat":38.716671},"zoom":7},"time":1394871602,"main":{"temp":281.29,"humidity":82,"pressure":1021,"temp_min":280.15,"temp_max":282.59},"wind":{"speed":4.85,"deg":6.50397},"clouds":{"all":0},"weather":[{"id":741,"main":"Fog","description":"fog","icon":"50d"},{"id":701,"main":"Mist","description":"mist","icon":"50d"}]},
{"city":{"id":3082707,"name":"Walbrzych","findname":"WALBRZYCH","country":"PL","coord":{"lon":16.284321,"lat":50.771412},"zoom":8},"time":1394871602,"main":{"temp":277.59,"temp_min":277.59,"temp_max":277.59,"pressure":967.8,"sea_level":1021.84,"grnd_level":967.8,"humidity":99},"wind":{"speed":7,"deg":272.504},"clouds":{"all":92},"weather":[{"id":500,"main":"Rain","description":"light rain","icon":"10d"}],"rain":{"3h":2.25}},
{"city":{"id":3091150,"name":"Naklo nad Notecia","findname":"NAKLO NAD NOTECIA","country":"PL","coord":{"lon":17.60181,"lat":53.142139},"zoom":9},"time":1394871603,"main":{"temp":280.37,"humidity":77,"pressure":994,"temp_min":279.82,"temp_max":280.93},"wind":{"speed":13.36,"gust":20.05,"deg":270},"clouds":{"all":0},"weather":[{"id":500,"main":"Rain","description":"light rain","icon":"10d"}],"rain":{"3h":0.5}},
{"city":{"id":1784658,"name":"Zhengzhou","findname":"ZHENGZHOU","country":"CN","coord":{"lon":113.648613,"lat":34.757778},"zoom":6},"time":1394871603,"main":{"temp":298.55,"pressure":1012,"humidity":25,"temp_min":296.15,"temp_max":300.93},"wind":{"speed":6,"deg":180,"var_beg":150,"var_end":220},"clouds":{"all":0},"weather":[{"id":501,"main":"Rain","description":"moderate rain","icon":"10d"}],"rain":{"1h":1.02}},
{"city":{"id":1348747,"name":"Bankra","findname":"BANKRA","country":"IN","coord":{"lon":88.298058,"lat":22.627501},"zoom":12},"time":1394871603,"main":{"temp":305.15,"pressure":1013,"humidity":31,"temp_min":305.15,"temp_max":305.15},"wind":{"speed":3.1,"deg":320},"clouds":{"all":0},"weather":[{"id":721,"main":"Haze","description":"haze","icon":"50d"}]},
{"city":{"id":2058430,"name":"Whyalla","findname":"WHYALLA","country":"AU","coord":{"lon":137.583328,"lat":-33.033329},"zoom":7},"time":1394871604,"main":{"temp":298.15,"pressure":1006,"humidity":38,"temp_min":298.15,"temp_max":298.15},"wind":{"speed":9.3,"deg":260,"gust":14.9},"clouds":{"all":40},"weather":[{"id":802,"main":"Clouds","description":"scattered clouds","icon":"03d"}]},
{"city":{"id":3579132,"name":"Gustavia","findname":"GUSTAVIA","country":"BL","coord":{"lon":-62.849781,"lat":17.896179},"zoom":8},"time":1394871605,"main":{"temp":297.99,"temp_min":297.99,"temp_max":297.99,"pressure":1027.29,"sea_level":1027.27,"grnd_level":1027.29,"humidity":100},"wind":{"speed":5.45,"deg":66.004},"clouds":{"all":0},"weather":[{"id":800,"main":"Clear","description":"Sky is Clear","icon":"01n"}]},
{"city":{"id":1790413,"name":"Xianju","findname":"XIANJU","country":"CN","coord":{"lon":120.73333,"lat":28.85},"zoom":8},"time":1394871605,"main":{"temp":287.24,"temp_min":287.24,"temp_max":287.24,"pressure":984.98,"sea_level":1034.57,"grnd_level":984.98,"humidity":58},"wind":{"speed":1.8,"deg":173.004},"clouds":{"all":0},"weather":[{"id":800,"main":"Clear","description":"Sky is Clear","icon":"01d"}]},
{"city":{"id":1850144,"name":"Tōkyō-to","findname":"TōKYō-TO","country":"JP","coord":{"lon":139.691711,"lat":35.689499},"zoom":1,"langs":[{"ja":"Tōkyō-to"},{"link":"http:\/\/en.wikipedia.org\/wiki\/Tokyo"}]},"time":1394871605,"main":{"temp":283.6,"humidity":19,"pressure":1016,"temp_min":283.15,"temp_max":284.82},"wind":{"speed":6.17,"gust":7.71,"deg":184},"clouds":{"all":0},"weather":[{"id":800,"main":"Clear","description":"Sky is Clear","icon":"01d"}]},
{"city":{"id":5815135,"name":"Washington","findname":"WASHINGTON","country":"US","coord":{"lon":-120.501472,"lat":47.500118},"zoom":1,"langs":[{"abbr":"WA"},{"en":"Washington"},{"es":"Washington"},{"link":"http:\/\/en.wikipedia.org\/wiki\/Washington_%28state%29"},{"ru":"Вашингтон"}]},"time":1394871605,"main":{"temp":279.15,"pressure":1024,"humidity":70,"temp_min":279.15,"temp_max":279.15},"wind":{"speed":3.6,"deg":210},"clouds":{"all":1},"weather":[{"id":800,"main":"Clear","description":"sky is clear","icon":"01n"}]},
{"city":{"id":5391891,"name":"San Dimas","findname":"SAN DIMAS","country":"US","coord":{"lon":-117.806732,"lat":34.106682},"zoom":12,"langs":[{"link":"http:\/\/en.wikipedia.org\/wiki\/San_Dimas%2C_California"},{"post":"91773"}]},"time":1394871606,"main":{"temp":285.95,"humidity":80,"pressure":1021,"temp_min":284.26,"temp_max":288.15},"wind":{"speed":0.9,"deg":356.504},"clouds":{"all":0},"weather":[{"id":800,"main":"Clear","description":"Sky is Clear","icon":"01n"}]},
{"city":{"id":141668,"name":"Bandar Emām Khomeynī","findname":"BANDAR EMāM KHOMEYNī","country":"IR","coord":{"lon":49.076279,"lat":30.429831},"zoom":8},"time":1394871606,"main":{"temp":287.15,"pressure":1011,"humidity":87,"temp_min":287.15,"temp_max":287.15},"wind":{"speed":4.1,"deg":350},"clouds":{"all":75},"weather":[{"id":803,"main":"Clouds","description":"broken clouds","icon":"04d"}],"rain":{"3h":3.25}},
{"city":{"id":2410048,"name":"Bo","findname":"BO","country":"SL","coord":{"lon":-11.73833,"lat":7.96472},"zoom":7},"time":1394871606,"main":{"temp":299.54,"temp_min":299.54,"temp_max":299.54,"pressure":1017.73,"sea_level":1025.73,"grnd_level":1017.73,"humidity":64},"wind":{"speed":1.75,"deg":16.004},"clouds":{"all":0},"weather":[{"id":800,"main":"Clear","description":"Sky is Clear","icon":"01d"}]},
{"city":{"id":3428577,"name":"San Pedro","findname":"SAN PEDRO","country":"AR","coord":{"lon":-54.108421,"lat":-26.62207},"zoom":14},"time":1394871606,"main":{"temp":298.64,"temp_min":298.64,"temp_max":298.64,"pressure":990.74,"sea_level":1022.65,"grnd_level":990.74,"humidity":73},"wind":{"speed":1.95,"deg":353.004},"clouds":{"all":56},"weather":[{"id":803,"main":"Clouds","description":"broken clouds","icon":"04n"}]},
{"city":{"id":147059,"name":"Telmankend","findname":"TELMANKEND","country":"AZ","coord":{"lon":48.399021,"lat":39.87867},"zoom":10},"time":1394871606,"main":{"temp":287.39,"temp_min":287.39,"temp_max":287.39,"pressure":1031.75,"sea_level":1033.39,"grnd_level":1031.75,"humidity":96},"wind":{"speed":0.85,"deg":278.004},"clouds":{"all":0},"weather":[{"id":800,"main":"Clear","description":"Sky is Clear","icon":"01d"}]},
{"city":{"id":147425,"name":"Neftcala","findname":"NEFTCALA","country":"AZ","coord":{"lon":49.247219,"lat":39.374168},"zoom":8,"langs":[{"ru":"Нефтечала"}]},"time":1394871607,"main":{"temp":286.09,"temp_min":286.09,"temp_max":286.09,"pressure":1035.32,"sea_level":1033.88,"grnd_level":1035.32,"humidity":88},"wind":{"speed":5.7,"deg":170.504},"clouds":{"all":0},"weather":[{"id":800,"main":"Clear","description":"Sky is Clear","icon":"01d"}]},
{"city":{"id":148340,"name":"Pushkino","findname":"PUSHKINO","country":"AZ","coord":{"lon":48.544998,"lat":39.458328},"zoom":10},"time":1394871608,"main":{"temp":287.39,"temp_min":287.39,"temp_max":287.39,"pressure":1031.75,"sea_level":1033.39,"grnd_level":1031.75,"humidity":96},"wind":{"speed":0.85,"deg":278.004},"clouds":{"all":0},"weather":[{"id":800,"main":"Clear","description":"Sky is Clear","icon":"01d"}]},
{"city":{"id":2354349,"name":"Titao","findname":"TITAO","country":"BF","coord":{"lon":-2.06667,"lat":13.76667},"zoom":9},"time":1394871608,"main":{"temp":302.89,"temp_min":302.89,"temp_max":302.89,"pressure":989.6,"sea_level":1025.08,"grnd_level":989.6,"humidity":19},"wind":{"speed":6.5,"deg":35.004},"clouds":{"all":0},"weather":[{"id":800,"main":"Clear","description":"Sky is Clear","icon":"01d"}]},
{"city":{"id":3901501,"name":"Villazon","findname":"VILLAZON","country":"BO","coord":{"lon":-65.594223,"lat":-22.08659},"zoom":8,"langs":[{"link":"http:\/\/en.wikipedia.org\/wiki\/Villaz%C3%B3n"}]},"time":1394871608,"main":{"temp":275.79,"temp_min":275.79,"temp_max":275.79,"pressure":664.71,"sea_level":1022.65,"grnd_level":664.71,"humidity":90},"wind":{"speed":2.2,"deg":197.504},"clouds":{"all":88},"weather":[{"id":804,"main":"Clouds","description":"overcast clouds","icon":"04n"}]},
{"city":{"id":203717,"name":"Yangambi","findname":"YANGAMBI","country":"CD","coord":{"lon":24.43359,"lat":0.81021},"zoom":8,"langs":[{"link":"http:\/\/en.wikipedia.org\/wiki\/Yangambi"}]},"time":1394871608,"main":{"temp":299.69,"temp_min":299.69,"temp_max":299.69,"pressure":975.66,"sea_level":1025,"grnd_level":975.66,"humidity":88},"wind":{"speed":1.35,"deg":96.504},"clouds":{"all":68},"weather":[{"id":803,"main":"Clouds","description":"broken clouds","icon":"04d"}]},
{"city":{"id":204283,"name":"Watsa","findname":"WATSA","country":"CD","coord":{"lon":29.535509,"lat":3.03716},"zoom":7,"langs":[{"link":"http:\/\/en.wikipedia.org\/wiki\/Watsa"}]},"time":1394871608,"main":{"temp":301.14,"temp_min":301.14,"temp_max":301.14,"pressure":925.4,"sea_level":1024.15,"grnd_level":925.4,"humidity":69},"wind":{"speed":1.95,"deg":132.004},"clouds":{"all":0},"weather":[{"id":800,"main":"Clear","description":"Sky is Clear","icon":"01d"}]},
{"city":{"id":204318,"name":"Wamba","findname":"WAMBA","country":"CD","coord":{"lon":27.994659,"lat":2.14838},"zoom":8,"langs":[{"link":"http:\/\/en.wikipedia.org\/wiki\/Wamba_Territory"}]},"time":1394871609,"main":{"temp":300.19,"temp_min":300.19,"temp_max":300.19,"pressure":949.07,"sea_level":1024.72,"grnd_level":949.07,"humidity":70},"wind":{"speed":1.35,"deg":101.004},"clouds":{"all":48},"weather":[{"id":802,"main":"Clouds","description":"scattered clouds","icon":"03d"}]},
{"city":{"id":210379,"name":"Lusambo","findname":"LUSAMBO","country":"CD","coord":{"lon":23.450001,"lat":-4.96667},"zoom":8,"langs":[{"ru":"Лусамбо"}]},"time":1394871609,"main":{"temp":295.29,"temp_min":295.29,"temp_max":295.29,"pressure":965.93,"sea_level":1026.99,"grnd_level":965.93,"humidity":94},"wind":{"speed":1.3,"deg":166.004},"clouds":{"all":0},"weather":[{"id":800,"main":"Clear","description":"Sky is Clear","icon":"01d"}],"rain":{"3h":0}},
{"city":{"id":210939,"name":"Luebo","findname":"LUEBO","country":"CD","coord":{"lon":21.41667,"lat":-5.35},"zoom":9,"langs":[{"link":"http:\/\/en.wikipedia.org\/wiki\/Luebo"}]},"time":1394871609,"main":{"temp":295.69,"temp_min":295.69,"temp_max":295.69,"pressure":967.07,"sea_level":1027.6,"grnd_level":967.07,"humidity":94},"wind":{"speed":1.5,"deg":162.504},"clouds":{"all":92},"weather":[{"id":804,"main":"Clouds","description":"overcast clouds","icon":"04d"}],"rain":{"3h":0}},
{"city":{"id":211098,"name":"Lubao","findname":"LUBAO","country":"CD","coord":{"lon":25.75,"lat":-5.36667},"zoom":7},"time":1394871609,"main":{"temp":297.64,"temp_min":297.64,"temp_max":297.64,"pressure":956.53,"sea_level":1026.54,"grnd_level":956.53,"humidity":93},"wind":{"speed":1.6,"deg":196.504},"clouds":{"all":12},"weather":[{"id":801,"main":"Clouds","description":"few clouds","icon":"02d"}],"rain":{"3h":0}},
{"city":{"id":214575,"name":"Kampene","findname":"KAMPENE","country":"CD","coord":{"lon":26.66667,"lat":-3.6},"zoom":8},"time":1394871609,"main":{"temp":298.14,"temp_min":298.14,"temp_max":298.14,"pressure":945.99,"sea_level":1025.85,"grnd_level":945.99,"humidity":87},"wind":{"speed":1.3,"deg":145.004},"clouds":{"all":44},"weather":[{"id":802,"main":"Clouds","description":"scattered clouds","icon":"03d"}]},
{"city":{"id":215527,"name":"Kabinda","findname":"KABINDA","country":"CD","coord":{"lon":24.48333,"lat":-6.13333},"zoom":8},"time":1394871610,"main":{"temp":297.09,"temp_min":297.09,"temp_max":297.09,"pressure":942.83,"sea_level":1026.67,"grnd_level":942.83,"humidity":100},"wind":{"speed":1.9,"deg":232.504},"clouds":{"all":0},"weather":[{"id":800,"main":"Clear","description":"Sky is Clear","icon":"01d"}],"rain":{"3h":0}},
{"city":{"id":215605,"name":"Kabare","findname":"KABARE","country":"CD","coord":{"lon":28.824169,"lat":-2.46833},"zoom":11},"time":1394871610,"main":{"temp":294.04,"temp_min":294.04,"temp_max":294.04,"pressure":831.86,"sea_level":1024.07,"grnd_level":831.86,"humidity":91},"wind":{"speed":1.45,"deg":294.004},"clouds":{"all":68},"weather":[{"id":803,"main":"Clouds","description":"broken clouds","icon":"04d"}]},
{"city":{"id":217637,"name":"Businga","findname":"BUSINGA","country":"CD","coord":{"lon":20.883329,"lat":3.33333},"zoom":8},"time":1394871610,"main":{"temp":301.44,"temp_min":301.44,"temp_max":301.44,"pressure":970.8,"sea_level":1024.84,"grnd_level":970.8,"humidity":94},"wind":{"speed":3.4,"deg":83.004},"clouds":{"all":0},"weather":[{"id":800,"main":"Clear","description":"Sky is Clear","icon":"01d"}]},
{"city":{"id":2311968,"name":"Nioki","findname":"NIOKI","country":"CD","coord":{"lon":17.683331,"lat":-2.71667},"zoom":8},"time":1394871610,"main":{"temp":302.09,"temp_min":302.09,"temp_max":302.09,"pressure":989.2,"sea_level":1025.17,"grnd_level":989.2,"humidity":83},"wind":{"speed":1.35,"deg":77.504},"clouds":{"all":0},"weather":[{"id":800,"main":"Clear","description":"Sky is Clear","icon":"01d"}]},
{"city":{"id":2312249,"name":"Mushie","findname":"MUSHIE","country":"CD","coord":{"lon":16.9,"lat":-3.01667},"zoom":9},"time":1394871610,"main":{"temp":301.89,"temp_min":301.89,"temp_max":301.89,"pressure":977.52,"sea_level":1025.29,"grnd_level":977.52,"humidity":86},"wind":{"speed":1.65,"deg":72.504},"clouds":{"all":32},"weather":[{"id":802,"main":"Clouds","description":"scattered clouds","icon":"03d"}]},
{"city":{"id":2313084,"name":"Mangai","findname":"MANGAI","country":"CD","coord":{"lon":19.533331,"lat":-4.05},"zoom":8},"time":1394871610,"main":{"temp":299.64,"temp_min":299.64,"temp_max":299.64,"pressure":982.23,"sea_level":1026.38,"grnd_level":982.23,"humidity":87},"wind":{"speed":1.65,"deg":126.004},"clouds":{"all":92},"weather":[{"id":804,"main":"Clouds","description":"overcast clouds","icon":"04d"}]},
{"city":{"id":2280376,"name":"Touba","findname":"TOUBA","country":"CI","coord":{"lon":-7.68333,"lat":8.28333},"zoom":8,"langs":[{"link":"http:\/\/en.wikipedia.org\/wiki\/Touba%2C_C%C3%B4te_d%27Ivoire"}]},"time":1394871610,"main":{"temp":299.64,"temp_min":299.64,"temp_max":299.64,"pressure":968.77,"sea_level":1024.27,"grnd_level":968.77,"humidity":64},"wind":{"speed":4.4,"deg":238.004},"clouds":{"all":12},"weather":[{"id":801,"main":"Clouds","description":"few clouds","icon":"02d"}]},
{"city":{"id":2221394,"name":"Tonga","findname":"TONGA","country":"CM","coord":{"lon":10.7,"lat":4.96667},"zoom":10},"time":1394871610,"main":{"temp":303.24,"temp_min":303.24,"temp_max":303.24,"pressure":961.31,"sea_level":1023.95,"grnd_level":961.31,"humidity":66},"wind":{"speed":0.95,"deg":31.504},"clouds":{"all":0},"weather":[{"id":800,"main":"Clear","description":"Sky is Clear","icon":"01d"}]},
{"city":{"id":2916630,"name":"Grossenhain","findname":"GROSSENHAIN","country":"DE","coord":{"lon":13.55,"lat":51.283329},"zoom":10,"langs":[{"link":"http:\/\/en.wikipedia.org\/wiki\/Gro%C3%9Fenhain"}]},"time":1394871610,"main":{"temp":278.77,"pressure":1010,"humidity":86,"temp_min":278.15,"temp_max":279.15},"wind":{"speed":7.2,"deg":280,"gust":12.3},"clouds":{"all":75},"weather":[{"id":501,"main":"Rain","description":"moderate rain","icon":"10d"}],"rain":{"3h":3.25}},
{"city":{"id":2476412,"name":"el hed","findname":"EL HED","country":"DZ","coord":{"lon":4.77361,"lat":36.650002},"zoom":11},"time":1394871611,"main":{"temp":286.15,"pressure":1021,"humidity":100,"temp_min":286.15,"temp_max":286.15},"wind":{"speed":8.2,"deg":40},"clouds":{"all":75},"weather":[{"id":500,"main":"Rain","description":"light rain","icon":"10d"}],"rain":{"3h":5.25}},
{"city":{"id":2479183,"name":"Souma","findname":"SOUMA","country":"DZ","coord":{"lon":2.90528,"lat":36.51833},"zoom":12},"time":1394871611,"main":{"temp":286.15,"pressure":1024,"humidity":87,"temp_min":286.15,"temp_max":286.15},"wind":{"speed":4.6,"deg":350,"var_beg":320,"var_end":20},"clouds":{"all":75},"weather":[{"id":803,"main":"Clouds","description":"broken clouds","icon":"04d"}]},
{"city":{"id":2482939,"name":"Rouached","findname":"ROUACHED","country":"DZ","coord":{"lon":6.04267,"lat":36.457741},"zoom":9},"time":1394871611,"main":{"temp":283.09,"temp_min":283.09,"temp_max":283.09,"pressure":968.77,"sea_level":1034.65,"grnd_level":968.77,"humidity":100},"wind":{"speed":1.65,"deg":356.504},"clouds":{"all":92},"weather":[{"id":501,"main":"Rain","description":"moderate rain","icon":"10d"}],"rain":{"3h":4.75}},
{"city":{"id":2483761,"name":"Reggane","findname":"REGGANE","country":"DZ","coord":{"lon":0.1714,"lat":26.715759},"zoom":7,"langs":[{"link":"http:\/\/en.wikipedia.org\/wiki\/Reggane"}]},"time":1394871611,"main":{"temp":292.09,"temp_min":292.09,"temp_max":292.09,"pressure":1006.71,"sea_level":1034.41,"grnd_level":1006.71,"humidity":50},"wind":{"speed":2,"deg":32.004},"clouds":{"all":0},"weather":[{"id":800,"main":"Clear","description":"Sky is Clear","icon":"01d"}]},
{"city":{"id":2487620,"name":"Metlili Chaamba","findname":"METLILI CHAAMBA","country":"DZ","coord":{"lon":3.63333,"lat":32.26667},"zoom":6},"time":1394871611,"main":{"temp":286.59,"temp_min":286.59,"temp_max":286.59,"pressure":968.2,"sea_level":1033.03,"grnd_level":968.2,"humidity":65},"wind":{"speed":6.6,"deg":347.504},"clouds":{"all":0},"weather":[{"id":800,"main":"Clear","description":"Sky is Clear","icon":"01d"}]},
{"city":{"id":2498775,"name":"El Abiodh Sidi Cheikh","findname":"EL ABIODH SIDI CHEIKH","country":"DZ","coord":{"lon":0.54839,"lat":32.893002},"zoom":8},"time":1394871611,"main":{"temp":282.74,"temp_min":282.74,"temp_max":282.74,"pressure":943.72,"sea_level":1037.24,"grnd_level":943.72,"humidity":62},"wind":{"speed":7.35,"deg":357.004},"clouds":{"all":0},"weather":[{"id":800,"main":"Clear","description":"Sky is Clear","icon":"01d"}]},
{"city":{"id":329586,"name":"Robit","findname":"ROBIT","country":"ET","coord":{"lon":39.633331,"lat":12.01667},"zoom":9},"time":1394871611,"main":{"temp":289.79,"temp_min":289.79,"temp_max":289.79,"pressure":816.21,"sea_level":1026.3,"grnd_level":816.21,"humidity":92},"wind":{"speed":1.35,"deg":89.504},"clouds":{"all":0},"weather":[{"id":800,"main":"Clear","description":"Sky is Clear","icon":"01d"}],"rain":{"3h":0}},
{"city":{"id":331180,"name":"Mekele","findname":"MEKELE","country":"ET","coord":{"lon":39.475281,"lat":13.49667},"zoom":5},"time":1394871611,"main":{"temp":289.99,"temp_min":289.99,"temp_max":289.99,"pressure":823.43,"sea_level":1027.56,"grnd_level":823.43,"humidity":97},"wind":{"speed":1.45,"deg":100.004},"clouds":{"all":0},"weather":[{"id":800,"main":"Clear","description":"Sky is Clear","icon":"01d"}],"rain":{"3h":0}}]
